<?xml version="1.0" encoding="UTF-8"?>
<Instructions>
	<Instruction>
		<Entity>foo</Entity>
		<Type>Buy</Type>
		<AgreedFx>0.5</AgreedFx>
		<Currency>SGP</Currency>
		<InstructionDate>01/01/2016</InstructionDate>
		<SettlementDate>02/01/2016</SettlementDate>
		<Units>200</Units>
		<PricePerUnit>100.25</PricePerUnit>
	</Instruction>
	<Instruction>
		<Entity>bar</Entity>
		<Type>Sell</Type>
		<AgreedFx>0.5</AgreedFx>
		<Currency>AED</Currency>
		<InstructionDate>05/01/2016</InstructionDate>
		<SettlementDate>07/01/2016</SettlementDate>
		<Units>450</Units>
		<PricePerUnit>150.5</PricePerUnit>
	</Instruction>
	<Instruction>
		<Entity>Entity1</Entity>
		<Type>Sell</Type>
		<AgreedFx>1.5</AgreedFx>
		<Currency>SAR</Currency>
		<InstructionDate>05/01/2016</InstructionDate>
		<SettlementDate>21/07/2017</SettlementDate>
		<Units>450</Units>
		<PricePerUnit>150.5</PricePerUnit>
	</Instruction>
</Instructions>